dataset,ROCKET-500+HCF-6,ROCKET-500+HCF-6+Inception-ppv+max+GAP
ACSF1,0.6900000000000001,0.874
Adiac,0.7391304347826086,0.8460358056265985
ArrowHead,0.7977142857142858,0.8434285714285714
Beef,0.6866666666666665,0.7
BirdChicken,0.91,0.9
Coffee,1.0,1.0
FordA,0.952878787878788,0.9549999999999998
Haptics,0.4896103896103896,0.5188311688311688
HouseTwenty,0.8991596638655462,0.9882352941176472
MedicalImages,0.7271052631578948,0.7797368421052632
MiddlePhalanxTW,0.5688311688311687,0.5051948051948052
